insert_num,insert
0,CCGTACGACGTCCCGGACTACGCGGTGAAAGTGAAAGTGAAAGTGAAAGT
1,CCGTACGACGTCCCGGACTACGCGTTTAAGTTTAAGTTTAAGTTTAAGTT
2,CCGTACGACGTCCCGGACTACGCGAAAGTGAAAGTGAAAGTGAAAGTGAA
3,CCGTACGACGTCCCGGACTACGCGTTAAGTTTAAGTTTAAGTTTAAGTTT
4,CCGTACGACGTCCCGGACTACGCGAGAAGAAGAAGAAGAAGAAGAAGAAG
5,CCGTACGACGTCCCGGACTACGCGAAGAAGAAGAAGAAGAAGAAGAAGAA
6,CCGTACGACGTCCCGGACTACGCGAAGGGAAAGGGAAAGGGAAAGGGAAA
7,CCGTACGACGTCCCGGACTACGCGGTGGTCGTGGTCGTGGTCGTGGTCGT
8,CCGTACGACGTCCCGGACTACGCGGTGTTTGTGTTTGTGTTTGTGTTTGT
9,CCGTACGACGTCCCGGACTACGCGAGCGTCAAATTCTCCGTTAAGTTTAG
10,CCGTACGACGTCCCGGACTACGCGAGCAAAGTCTTCTCCAAGGTTTTTAG
11,CCGTACGACGTCCCGGACTACGCGGTTGGCGTTGGATGTCTAAGGGTGAA
12,CCGTACGACGTCCCGGACTACGCGAAGAAGAAGAAGAAGAAATGTCTAAG