name,aa,nt,start,end,mutstart,oligo_name
fk8,FKFKFKFKFKFKFKFK,GACGTCCCGGACTACGCGNNNAAGTTTAAGTTCAAGTTCAAATTCAAGTTTAAGTTCAAGTTCAAAATGTCTAAGGGTGAAGAATTGTTC,1,48,1,fk8_1
fk8,FKFKFKFKFKFKFKFK,GACGTCCCGGACTACGCGTTCNNNTTTAAGTTCAAGTTCAAATTCAAGTTTAAGTTCAAGTTCAAAATGTCTAAGGGTGAAGAATTGTTC,1,48,4,fk8_4
fk8,FKFKFKFKFKFKFKFK,GACGTCCCGGACTACGCGTTCAAGNNNAAGTTCAAGTTCAAATTCAAGTTTAAGTTCAAGTTCAAAATGTCTAAGGGTGAAGAATTGTTC,1,48,7,fk8_7
fk8,FKFKFKFKFKFKFKFK,GACGTCCCGGACTACGCGTTCAAGTTTNNNTTCAAGTTCAAATTCAAGTTTAAGTTCAAGTTCAAAATGTCTAAGGGTGAAGAATTGTTC,1,48,10,fk8_10
fk8,FKFKFKFKFKFKFKFK,GACGTCCCGGACTACGCGTTCAAGTTTAAGNNNAAGTTCAAATTCAAGTTTAAGTTCAAGTTCAAAATGTCTAAGGGTGAAGAATTGTTC,1,48,13,fk8_13
fk8,FKFKFKFKFKFKFKFK,GACGTCCCGGACTACGCGTTCAAGTTTAAGTTCNNNTTCAAATTCAAGTTTAAGTTCAAGTTCAAAATGTCTAAGGGTGAAGAATTGTTC,1,48,16,fk8_16
fk8,FKFKFKFKFKFKFKFK,GACGTCCCGGACTACGCGTTCAAGTTTAAGTTCAAGNNNAAATTCAAGTTTAAGTTCAAGTTCAAAATGTCTAAGGGTGAAGAATTGTTC,1,48,19,fk8_19
fk8,FKFKFKFKFKFKFKFK,GACGTCCCGGACTACGCGTTCAAGTTTAAGTTCAAGTTCNNNTTCAAGTTTAAGTTCAAGTTCAAAATGTCTAAGGGTGAAGAATTGTTC,1,48,22,fk8_22
fk8,FKFKFKFKFKFKFKFK,GACGTCCCGGACTACGCGTTCAAGTTTAAGTTCAAGTTCAAANNNAAGTTTAAGTTCAAGTTCAAAATGTCTAAGGGTGAAGAATTGTTC,1,48,25,fk8_25
fk8,FKFKFKFKFKFKFKFK,GACGTCCCGGACTACGCGTTCAAGTTTAAGTTCAAGTTCAAATTCNNNTTTAAGTTCAAGTTCAAAATGTCTAAGGGTGAAGAATTGTTC,1,48,28,fk8_28
fk8,FKFKFKFKFKFKFKFK,GACGTCCCGGACTACGCGTTCAAGTTTAAGTTCAAGTTCAAATTCAAGNNNAAGTTCAAGTTCAAAATGTCTAAGGGTGAAGAATTGTTC,1,48,31,fk8_31
fk8,FKFKFKFKFKFKFKFK,GACGTCCCGGACTACGCGTTCAAGTTTAAGTTCAAGTTCAAATTCAAGTTTNNNTTCAAGTTCAAAATGTCTAAGGGTGAAGAATTGTTC,1,48,34,fk8_34
fk8,FKFKFKFKFKFKFKFK,GACGTCCCGGACTACGCGTTCAAGTTTAAGTTCAAGTTCAAATTCAAGTTTAAGNNNAAGTTCAAAATGTCTAAGGGTGAAGAATTGTTC,1,48,37,fk8_37
fk8,FKFKFKFKFKFKFKFK,GACGTCCCGGACTACGCGTTCAAGTTTAAGTTCAAGTTCAAATTCAAGTTTAAGTTCNNNTTCAAAATGTCTAAGGGTGAAGAATTGTTC,1,48,40,fk8_40
fk8,FKFKFKFKFKFKFKFK,GACGTCCCGGACTACGCGTTCAAGTTTAAGTTCAAGTTCAAATTCAAGTTTAAGTTCAAGNNNAAAATGTCTAAGGGTGAAGAATTGTTC,1,48,43,fk8_43
fk8,FKFKFKFKFKFKFKFK,GACGTCCCGGACTACGCGTTCAAGTTTAAGTTCAAGTTCAAATTCAAGTTTAAGTTCAAGTTCNNNATGTCTAAGGGTGAAGAATTGTTC,1,48,46,fk8_46
